student_id,gender,study_time_hours,attendance_percent,sleep_hours,parental_education,internet_access,extracurricular_activities,part_time_job,previous_grade
1,Male,4.0,98.0,6.5,Bachelors,Yes,Yes,No,76.9
2,Female,6.3,100.0,5.7,High School,Yes,Yes,Yes,75.5
3,Male,4.9,85.3,7.9,Bachelors,Yes,No,Yes,88.5
4,Male,2.6,77.5,8.0,None,Yes,Yes,No,85.1
5,Male,2.2,89.6,4.6,Bachelors,Yes,No,Yes,61.8
6,Female,4.2,78.2,5.7,High School,Yes,No,No,79.8
7,Male,1.5,100.0,5.0,High School,Yes,Yes,Yes,58.6
8,Male,6.2,86.4,6.0,High School,Yes,Yes,No,78.4
9,Male,5.3,81.3,6.7,Bachelors,Yes,No,No,63.8
10,Female,2.8,86.8,5.1,Bachelors,Yes,Yes,No,57.7
11,Male,0.9,71.5,5.7,High School,Yes,No,Yes,73.4
12,Male,5.5,75.3,5.6,None,Yes,Yes,No,37.9
13,Male,3.3,97.0,7.0,Masters,Yes,Yes,Yes,49.0
14,Male,5.4,78.4,6.9,Bachelors,No,No,No,67.9
15,Female,1.1,74.5,5.9,Masters,Yes,Yes,Yes,71.0
16,Male,2.6,90.4,7.0,High School,Yes,Yes,No,65.6
17,Female,3.5,96.9,6.1,Bachelors,Yes,Yes,No,51.0
18,Female,3.6,92.2,6.5,Bachelors,Yes,Yes,Yes,60.2
19,Female,2.8,95.0,8.8,Masters,No,Yes,No,74.7
20,Male,4.4,77.4,8.4,Masters,No,No,Yes,77.0
21,Female,1.9,70.8,5.2,High School,Yes,Yes,No,69.8
22,Male,3.3,100.0,7.8,None,Yes,Yes,No,83.9
23,Female,3.7,81.8,7.8,High School,No,No,No,74.8
24,Female,4.3,82.5,5.4,PhD,No,Yes,No,61.0
25,Female,4.6,98.3,7.8,None,Yes,Yes,Yes,66.6
26,Female,1.8,90.6,8.6,High School,Yes,No,No,53.2
27,Female,1.2,89.6,5.5,Masters,Yes,No,Yes,68.7
28,Female,5.4,100.0,5.7,High School,No,No,No,83.3
29,Female,4.0,78.6,8.0,Bachelors,Yes,No,No,78.2
30,Female,2.4,94.3,7.1,Bachelors,Yes,Yes,No,86.8
31,Male,5.8,85.6,7.5,Bachelors,Yes,No,Yes,66.4
32,Male,3.7,87.7,7.2,None,Yes,Yes,No,86.2
33,Female,5.3,100.0,7.3,Masters,Yes,Yes,No,67.7
34,Female,3.6,90.1,5.2,Bachelors,No,Yes,No,87.7
35,Female,6.6,90.4,8.1,Masters,Yes,Yes,Yes,69.7
36,Male,6.1,95.7,8.2,None,Yes,Yes,Yes,78.5
37,Female,3.1,81.4,6.5,High School,Yes,No,Yes,87.7
38,Male,5.0,76.6,6.7,None,Yes,Yes,No,67.7
39,Male,4.5,74.6,5.0,High School,Yes,Yes,Yes,72.6
40,Male,5.6,65.3,7.4,Masters,Yes,Yes,No,85.5
41,Male,2.1,100.0,7.5,High School,Yes,Yes,Yes,68.4
42,Male,4.5,74.0,6.7,High School,Yes,No,No,54.1
43,Female,5.1,82.8,8.1,Bachelors,Yes,Yes,No,95.7
44,Female,0.9,82.2,6.4,Bachelors,Yes,Yes,No,64.4
45,Female,1.7,88.1,7.5,Bachelors,No,Yes,No,71.9
46,Female,0.5,93.2,5.6,High School,No,No,Yes,83.9
47,Female,3.1,93.6,6.8,Bachelors,Yes,Yes,Yes,62.7
48,Male,4.6,79.2,6.6,None,Yes,Yes,Yes,57.9
49,Female,5.8,83.3,7.1,Bachelors,No,Yes,No,73.0
50,Female,3.6,87.8,6.4,High School,Yes,Yes,No,48.5
51,Male,5.9,82.5,6.6,Bachelors,Yes,Yes,No,66.5
52,Female,1.4,100.0,7.8,High School,No,No,No,72.9
53,Male,0.9,89.9,6.3,Masters,Yes,No,No,66.8
54,Female,3.4,92.3,4.9,Masters,Yes,No,No,51.5
55,Male,4.1,91.6,8.9,Bachelors,No,Yes,No,89.1
56,Female,3.5,96.7,8.5,Bachelors,Yes,Yes,Yes,71.2
57,Female,0.5,86.8,5.2,Masters,Yes,Yes,No,87.2
58,Male,3.4,72.0,7.6,Bachelors,Yes,No,No,66.9
59,Male,1.5,89.0,6.2,Masters,Yes,No,No,59.4
60,Male,4.5,78.5,7.1,Bachelors,Yes,No,No,73.2
61,Male,4.0,79.7,7.2,Masters,Yes,Yes,No,67.4
62,Male,2.1,90.9,6.5,Bachelors,No,Yes,Yes,55.9
63,Male,2.7,97.4,5.9,Bachelors,Yes,Yes,No,87.6
64,Male,1.9,85.2,6.0,None,Yes,No,No,62.5
65,Male,3.4,88.1,5.7,Bachelors,Yes,No,Yes,47.9
66,Female,4.9,100.0,5.8,Bachelors,Yes,No,No,85.9
67,Female,2.0,87.4,6.7,High School,Yes,Yes,No,63.9
68,Male,4.3,100.0,5.9,Bachelors,No,Yes,No,62.7
69,Female,2.7,90.7,7.6,Bachelors,No,No,Yes,48.8
70,Female,2.3,67.4,8.6,High School,Yes,No,No,90.9
71,Female,3.3,92.5,6.1,High School,Yes,Yes,No,54.5
72,Female,1.9,88.8,7.1,Bachelors,Yes,Yes,No,70.7
73,Male,2.7,97.9,7.4,Masters,Yes,Yes,No,81.0
74,Female,1.7,91.7,7.4,Bachelors,Yes,Yes,No,75.1
75,Male,6.4,83.6,6.9,High School,Yes,Yes,No,69.3
76,Female,3.6,72.8,7.7,Masters,No,No,No,49.6
77,Female,2.5,82.9,7.4,High School,Yes,Yes,No,60.3
78,Female,3.8,76.5,5.3,Bachelors,Yes,Yes,No,72.3
79,Male,3.3,79.2,7.8,High School,Yes,Yes,Yes,60.6
80,Female,3.2,90.9,7.9,High School,Yes,No,No,72.4
81,Male,4.4,100.0,5.9,High School,Yes,No,No,78.2
82,Female,4.6,88.9,6.8,Bachelors,Yes,Yes,No,81.6
83,Male,2.7,73.0,7.6,High School,Yes,No,Yes,55.3
84,Female,2.6,89.4,6.5,Bachelors,Yes,No,No,96.4
85,Male,3.1,97.0,8.1,Bachelors,Yes,Yes,Yes,79.2
86,Male,0.5,78.9,9.6,Bachelors,Yes,Yes,Yes,70.0
87,Female,1.2,83.7,5.9,Bachelors,Yes,No,No,83.1
88,Male,5.6,85.1,5.1,Masters,Yes,No,No,98.4
89,Female,6.0,77.2,7.2,High School,Yes,No,No,52.7
90,Female,3.1,91.5,7.7,Bachelors,Yes,No,Yes,67.3
91,Female,4.4,83.8,6.5,High School,Yes,No,No,41.5
92,Female,4.0,89.2,8.5,High School,Yes,Yes,Yes,72.3
93,Female,8.1,76.1,5.2,Bachelors,Yes,Yes,No,74.4
94,Female,5.2,80.6,7.6,Bachelors,Yes,Yes,No,69.5
95,Female,3.3,92.2,6.1,PhD,Yes,Yes,No,62.1
96,Female,2.1,81.3,8.9,Bachelors,Yes,No,No,45.4
97,Female,1.1,100.0,9.2,None,Yes,No,Yes,74.5
98,Female,3.8,81.0,5.9,High School,No,No,No,87.5
99,Female,2.4,87.2,6.1,High School,Yes,Yes,Yes,62.9
100,Male,1.4,94.3,7.8,High School,No,No,No,75.3
101,Male,2.5,70.8,6.3,High School,Yes,Yes,No,51.2
102,Female,1.9,67.4,6.7,Bachelors,Yes,Yes,Yes,75.5
103,Female,6.0,69.7,6.8,Bachelors,No,No,No,65.3
104,Female,4.8,97.6,4.5,High School,Yes,No,No,60.9
105,Female,3.5,79.5,6.8,None,Yes,No,Yes,60.9
106,Female,5.7,100.0,6.0,Masters,Yes,Yes,Yes,65.3
107,Female,3.6,79.4,6.2,High School,Yes,Yes,Yes,74.6
108,Female,2.2,86.8,8.5,High School,Yes,Yes,No,54.3
109,Female,5.8,100.0,5.3,High School,Yes,Yes,No,65.2
110,Male,4.3,100.0,7.8,High School,No,No,Yes,69.5
111,Female,1.9,100.0,6.5,High School,Yes,No,Yes,56.8
112,Male,3.2,97.1,6.5,Bachelors,No,No,No,91.6
113,Female,2.2,95.2,7.7,High School,No,Yes,No,59.8
114,Female,1.4,90.9,7.2,Bachelors,Yes,No,No,62.0
115,Male,4.9,92.8,7.5,None,Yes,Yes,No,58.3
116,Female,6.4,79.5,8.0,Masters,No,No,Yes,91.6
117,Male,1.4,76.8,6.4,None,No,Yes,No,76.6
118,Female,4.3,85.0,6.1,High School,Yes,Yes,No,58.8
119,Female,2.5,83.3,5.5,Bachelors,Yes,Yes,Yes,83.3
120,Male,2.8,80.5,5.8,Bachelors,Yes,No,No,72.4
121,Female,2.6,92.0,10.0,High School,Yes,Yes,No,73.1
122,Male,2.2,94.6,8.3,High School,Yes,Yes,No,65.9
123,Female,3.6,85.9,5.2,Masters,Yes,No,Yes,61.0
124,Male,2.3,99.8,5.2,Bachelors,Yes,Yes,No,74.1
125,Male,3.9,73.6,7.4,Bachelors,Yes,Yes,No,63.5
126,Female,3.4,83.1,7.5,Bachelors,Yes,Yes,No,91.8
127,Female,3.1,77.8,7.5,Bachelors,Yes,Yes,No,54.8
128,Male,2.1,66.3,6.5,High School,Yes,No,Yes,88.4
129,Female,2.6,84.2,6.6,High School,Yes,No,Yes,68.7
130,Female,4.6,83.8,7.2,High School,Yes,Yes,No,73.6
131,Female,4.3,100.0,6.9,High School,Yes,No,Yes,80.0
132,Male,2.0,91.3,4.1,None,Yes,Yes,No,62.4
133,Male,3.6,74.8,6.5,Bachelors,No,Yes,No,80.4
134,Male,4.6,100.0,5.8,Masters,Yes,Yes,No,37.5
135,Male,1.0,97.2,7.0,High School,Yes,Yes,No,61.4
136,Male,4.3,90.8,10.0,Bachelors,Yes,Yes,No,58.9
137,Male,2.5,82.7,7.2,High School,No,No,Yes,55.0
138,Male,4.4,75.4,6.4,High School,Yes,No,No,67.4
139,Male,2.4,81.3,7.9,High School,Yes,Yes,No,74.6
140,Male,0.8,95.9,7.4,Masters,Yes,No,No,78.4
141,Female,1.1,100.0,7.3,Masters,Yes,No,Yes,72.9
142,Male,3.6,100.0,7.5,Bachelors,Yes,No,No,62.0
143,Female,3.9,80.1,9.3,Bachelors,Yes,No,Yes,74.4
144,Female,2.1,73.8,5.4,None,Yes,Yes,Yes,71.5
145,Female,4.5,86.4,7.4,High School,Yes,No,Yes,81.2
146,Male,1.0,67.3,5.7,High School,Yes,No,No,79.3
147,Male,3.4,88.2,7.5,High School,Yes,No,Yes,70.4
148,Male,1.7,83.5,5.7,Masters,Yes,Yes,Yes,59.2
149,Male,2.5,80.3,6.3,None,Yes,Yes,Yes,62.2
150,Female,3.6,69.1,6.4,High School,Yes,Yes,Yes,63.4
151,Male,2.2,90.1,8.0,PhD,Yes,Yes,No,66.2
152,Male,2.9,79.7,7.9,Masters,Yes,Yes,Yes,73.2
153,Male,5.0,73.3,5.3,High School,Yes,No,Yes,78.6
154,Male,2.6,56.3,6.9,Bachelors,No,Yes,No,69.4
155,Male,4.8,84.7,5.9,Bachelors,Yes,No,No,70.2
156,Female,1.8,100.0,5.3,None,Yes,Yes,No,71.7
157,Male,4.3,100.0,6.5,High School,Yes,No,No,63.8
158,Female,5.7,80.4,6.4,Masters,Yes,Yes,Yes,58.9
159,Male,0.5,79.0,9.7,High School,Yes,Yes,No,48.9
160,Female,2.3,89.7,7.3,Masters,Yes,No,Yes,61.7
161,Male,4.4,75.0,5.1,Bachelors,Yes,No,No,75.7
162,Male,3.2,88.0,6.1,Bachelors,Yes,No,No,61.6
163,Female,4.1,92.7,8.0,Masters,Yes,Yes,Yes,67.1
164,Female,2.6,97.3,9.3,Masters,Yes,Yes,No,75.6
165,Female,3.6,84.0,4.9,PhD,Yes,No,No,76.2
166,Male,3.3,83.0,4.5,High School,Yes,Yes,No,57.0
167,Female,5.3,76.2,9.0,Masters,Yes,No,No,82.0
168,Male,3.9,76.7,7.3,High School,Yes,Yes,No,83.5
169,Male,4.0,82.7,5.8,Bachelors,No,Yes,Yes,56.4
170,Female,2.9,88.7,7.4,Bachelors,No,Yes,Yes,60.1
171,Female,2.8,94.1,3.6,Bachelors,Yes,Yes,No,84.3
172,Male,2.9,77.0,6.8,Bachelors,Yes,No,No,68.2
173,Male,4.1,99.9,7.2,None,Yes,No,No,43.4
174,Female,2.9,82.3,7.9,High School,Yes,Yes,No,53.2
175,Female,3.9,84.8,5.6,Masters,Yes,No,No,67.0
176,Female,6.6,77.5,6.9,Bachelors,Yes,Yes,No,56.0
177,Male,4.8,60.8,5.7,High School,Yes,Yes,No,65.0
178,Male,3.0,93.8,7.1,High School,No,Yes,No,70.4
179,Male,5.3,92.4,5.7,None,Yes,No,No,87.5
180,Male,2.9,82.2,6.3,PhD,Yes,No,No,66.5
181,Male,0.5,85.7,5.6,None,Yes,No,No,82.9
182,Male,2.0,90.2,7.6,None,Yes,No,Yes,87.1
183,Female,0.7,69.4,7.8,High School,Yes,No,No,87.2
184,Male,3.0,79.7,6.5,Bachelors,Yes,No,No,73.4
185,Male,3.5,92.9,6.8,Masters,Yes,No,No,46.4
186,Male,6.0,72.5,5.1,Bachelors,Yes,No,No,75.5
187,Female,4.0,87.9,6.4,Bachelors,Yes,Yes,No,82.6
188,Male,3.2,71.4,6.7,Bachelors,Yes,Yes,Yes,69.0
189,Male,4.7,89.7,9.9,Bachelors,Yes,Yes,No,90.9
190,Female,0.5,84.6,5.5,Bachelors,Yes,Yes,No,80.3
191,Male,3.9,68.8,8.6,High School,Yes,No,No,76.8
192,Male,4.7,96.6,8.0,Bachelors,Yes,Yes,Yes,83.0
193,Male,1.3,77.7,7.1,Bachelors,Yes,No,No,74.0
194,Male,5.2,76.9,8.9,Bachelors,Yes,Yes,No,40.1
195,Male,4.0,87.0,7.2,High School,Yes,Yes,No,64.0
196,Female,2.9,96.5,7.3,Masters,No,Yes,No,84.4
197,Female,4.4,74.8,6.7,High School,Yes,No,No,60.3
198,Female,6.9,85.6,8.3,Bachelors,Yes,Yes,No,67.3
199,Male,3.8,89.3,8.1,Masters,Yes,Yes,No,57.5
200,Male,3.9,91.9,6.0,Bachelors,No,No,No,91.4
201,Male,2.8,86.8,5.2,High School,Yes,No,Yes,90.2
202,Female,2.2,81.3,6.6,Masters,Yes,Yes,No,59.4
203,Male,4.7,76.7,5.8,Bachelors,Yes,Yes,No,71.8
204,Male,2.2,85.9,6.7,Masters,Yes,Yes,No,61.8
205,Female,3.6,74.3,8.3,Masters,Yes,No,No,77.4
206,Male,2.8,55.8,6.3,Bachelors,Yes,Yes,Yes,76.1
207,Female,4.2,89.4,6.7,Bachelors,Yes,Yes,Yes,79.7
208,Female,4.0,94.0,6.9,High School,No,Yes,No,74.0
209,Female,5.1,61.4,7.8,High School,Yes,Yes,Yes,100.0
210,Male,2.7,74.9,4.1,Bachelors,Yes,No,No,57.7
211,Male,3.1,91.2,6.1,Bachelors,Yes,Yes,No,49.5
212,Male,2.0,100.0,7.1,Bachelors,Yes,Yes,No,65.3
213,Male,2.8,85.2,8.2,High School,Yes,Yes,Yes,51.2
214,Male,4.1,77.7,6.2,High School,Yes,Yes,Yes,52.1
215,Male,4.6,83.2,4.5,Bachelors,Yes,Yes,No,58.0
216,Male,2.1,98.7,7.5,High School,Yes,No,No,58.9
217,Female,4.8,78.5,6.0,Masters,Yes,No,No,58.5
218,Male,5.5,77.0,5.4,High School,Yes,No,No,76.2
219,Female,4.1,80.2,6.1,Bachelors,Yes,No,No,63.9
220,Male,6.3,75.5,6.6,None,Yes,No,No,67.8
221,Male,2.3,86.2,6.1,High School,Yes,Yes,No,80.7
222,Male,1.6,100.0,4.2,Bachelors,No,No,No,60.8
223,Female,0.8,88.2,7.9,High School,No,No,Yes,66.8
224,Female,5.7,82.5,8.3,Bachelors,Yes,No,Yes,74.4
225,Female,4.5,82.1,7.6,Bachelors,Yes,Yes,No,46.7
226,Female,3.4,69.4,5.4,Bachelors,Yes,Yes,No,41.4
227,Male,3.9,93.8,6.6,Bachelors,Yes,No,Yes,74.2
228,Female,1.8,84.2,6.8,PhD,Yes,No,Yes,75.9
229,Male,7.2,83.2,7.5,High School,Yes,No,No,94.8
230,Male,3.7,100.0,7.6,High School,Yes,Yes,Yes,71.9
231,Female,3.7,88.0,5.9,PhD,Yes,Yes,No,79.8
232,Female,4.6,77.5,6.9,Bachelors,Yes,Yes,No,67.7
233,Female,4.2,80.7,7.3,PhD,Yes,No,No,73.6
234,Female,3.8,96.5,8.5,Bachelors,Yes,Yes,No,90.0
235,Female,2.3,86.1,7.6,Masters,Yes,Yes,No,44.5
236,Female,4.2,70.6,7.7,Bachelors,Yes,No,No,75.0
237,Female,6.3,94.2,6.9,Masters,Yes,Yes,No,95.6
238,Female,5.5,78.3,8.5,None,Yes,No,No,73.4
239,Male,5.9,100.0,7.3,Bachelors,Yes,Yes,No,89.8
240,Female,2.7,95.8,5.8,High School,Yes,No,Yes,62.4
241,Female,2.0,80.5,8.5,High School,Yes,No,Yes,69.6
242,Male,3.3,97.8,7.6,High School,Yes,No,Yes,70.4
243,Female,3.6,85.7,6.3,High School,Yes,No,Yes,43.4
244,Male,5.1,93.5,6.2,High School,Yes,Yes,No,56.0
245,Male,1.0,89.8,7.2,Bachelors,Yes,Yes,No,56.8
246,Female,5.8,76.5,7.4,Bachelors,Yes,Yes,No,79.9
247,Male,3.3,78.6,7.0,Bachelors,Yes,No,No,80.5
248,Male,2.9,95.3,7.2,Bachelors,No,No,No,73.9
249,Male,2.0,81.7,8.8,High School,Yes,Yes,No,79.9
250,Male,1.0,81.0,8.1,High School,Yes,No,No,68.0
251,Female,4.7,75.4,7.0,High School,Yes,Yes,Yes,84.4
252,Male,3.6,89.2,7.9,Bachelors,Yes,No,Yes,70.1
253,Female,1.6,100.0,5.6,High School,No,No,No,70.7
254,Male,1.6,74.3,7.3,High School,Yes,Yes,No,66.8
255,Male,3.0,85.2,9.0,Bachelors,Yes,Yes,Yes,78.2
256,Male,6.0,99.1,6.5,Masters,Yes,Yes,Yes,64.9
257,Male,3.1,84.2,5.8,High School,Yes,No,No,81.7
258,Female,1.2,89.5,6.0,Bachelors,Yes,Yes,Yes,56.4
259,Female,3.1,74.4,5.5,Masters,Yes,Yes,No,56.8
260,Male,3.1,89.3,5.9,Masters,Yes,Yes,No,78.2
261,Male,0.5,83.1,6.4,None,Yes,Yes,No,68.9
262,Female,3.4,94.9,5.1,High School,Yes,Yes,No,64.6
263,Male,3.2,96.9,6.8,High School,No,No,No,80.7
264,Male,4.5,100.0,7.9,PhD,Yes,Yes,No,62.7
265,Male,6.3,90.8,5.7,Bachelors,Yes,No,No,67.6
266,Female,5.2,88.3,8.6,Bachelors,Yes,No,No,86.8
267,Female,3.1,86.9,7.4,Masters,Yes,Yes,Yes,88.5
268,Female,1.8,81.5,8.0,Masters,Yes,Yes,No,88.9
269,Male,7.4,88.4,6.0,None,Yes,No,No,66.6
270,Male,3.6,82.0,7.8,None,Yes,No,No,84.8
271,Female,3.5,86.7,5.5,Masters,Yes,Yes,No,58.6
272,Female,3.5,98.2,7.9,High School,No,Yes,No,59.1
273,Female,3.8,74.9,7.0,PhD,Yes,Yes,Yes,41.8
274,Female,3.3,96.4,7.5,High School,Yes,No,No,90.1
275,Male,2.6,98.2,5.4,High School,No,Yes,No,59.6
276,Female,2.7,83.8,5.7,PhD,Yes,Yes,No,68.5
277,Male,3.5,63.8,7.5,High School,Yes,No,No,59.1
278,Female,2.7,78.9,5.7,High School,Yes,No,Yes,78.3
279,Male,2.4,98.0,7.4,High School,Yes,Yes,No,65.5
280,Female,3.7,84.8,5.2,PhD,No,Yes,Yes,54.3
281,Female,3.1,75.0,7.8,Bachelors,No,No,No,75.3
282,Female,5.8,80.0,5.3,Masters,Yes,Yes,No,52.8
283,Female,0.5,93.4,7.5,High School,Yes,Yes,Yes,60.0
284,Male,5.1,90.5,7.6,Masters,Yes,No,No,44.7
285,Female,5.4,82.6,6.0,Masters,Yes,Yes,Yes,52.9
286,Male,0.5,81.3,7.5,High School,Yes,No,Yes,72.1
287,Male,3.0,81.1,7.1,Bachelors,Yes,No,No,46.4
288,Male,2.9,75.8,6.2,High School,No,Yes,No,52.2
289,Male,1.4,100.0,5.6,None,No,Yes,No,70.0
290,Female,2.3,81.8,4.4,Bachelors,Yes,No,No,63.5
291,Male,1.8,97.2,7.2,None,Yes,No,No,93.9
292,Male,6.1,100.0,4.9,High School,Yes,No,No,92.0
293,Male,4.9,95.0,6.9,Masters,Yes,No,Yes,59.6
294,Female,5.4,80.7,6.5,Masters,Yes,Yes,Yes,76.7
295,Female,4.6,89.0,7.6,Masters,Yes,No,No,79.0
296,Female,1.8,84.8,6.4,None,Yes,Yes,No,62.8
297,Female,2.7,76.0,6.4,Bachelors,Yes,Yes,No,52.1
298,Male,4.2,88.2,7.7,High School,Yes,Yes,No,69.9
299,Male,1.7,73.2,7.2,Masters,No,Yes,No,67.9
300,Female,4.6,96.9,7.2,Masters,Yes,No,Yes,64.8
301,Male,3.1,80.4,7.4,Bachelors,Yes,Yes,Yes,75.3
302,Male,2.9,87.0,5.0,High School,Yes,Yes,No,61.0
303,Male,4.6,87.8,7.7,Bachelors,Yes,Yes,No,56.2
304,Female,4.2,82.4,7.5,High School,No,No,No,71.3
305,Female,3.0,90.9,5.6,Bachelors,Yes,No,Yes,74.6
306,Male,5.2,80.3,6.5,Bachelors,Yes,Yes,No,55.9
307,Female,1.9,93.7,6.8,Masters,Yes,Yes,Yes,81.1
308,Female,4.4,71.5,6.6,High School,Yes,Yes,Yes,48.8
309,Female,4.4,86.3,7.2,Bachelors,Yes,No,No,63.1
310,Female,3.0,100.0,8.5,High School,Yes,No,Yes,66.9
311,Female,4.0,75.0,8.1,High School,Yes,Yes,No,62.4
312,Male,1.6,78.2,5.2,Masters,Yes,No,Yes,63.2
313,Female,4.9,90.1,7.5,None,Yes,Yes,No,92.5
314,Male,3.2,86.8,8.4,Bachelors,Yes,No,No,59.8
315,Male,2.7,88.5,7.3,Masters,Yes,Yes,No,99.3
316,Female,5.1,89.9,8.1,PhD,Yes,Yes,No,75.2
317,Male,2.4,91.3,9.2,Masters,No,Yes,Yes,71.1
318,Male,1.4,96.1,8.0,High School,No,Yes,No,75.7
319,Male,1.2,89.1,7.1,None,Yes,No,No,100.0
320,Female,4.4,82.6,8.1,Bachelors,Yes,Yes,Yes,58.1
321,Female,1.6,91.7,7.0,High School,Yes,No,No,56.6
322,Male,6.1,100.0,6.8,High School,Yes,No,Yes,60.9
323,Female,0.5,83.7,6.4,Bachelors,Yes,Yes,No,70.4
324,Female,6.0,75.3,8.7,High School,Yes,Yes,No,49.3
325,Female,3.8,96.1,5.8,High School,Yes,Yes,Yes,70.3
326,Female,3.4,83.8,8.6,High School,Yes,No,No,90.3
327,Male,2.7,63.3,7.4,Masters,No,Yes,No,71.8
328,Male,4.1,93.5,5.1,PhD,Yes,Yes,No,66.5
329,Female,3.4,79.6,7.2,High School,Yes,Yes,No,62.6
330,Female,5.2,84.1,4.3,PhD,Yes,No,No,80.8
331,Male,3.7,88.3,7.6,PhD,Yes,Yes,No,60.1
332,Male,3.7,86.9,7.9,Masters,No,Yes,No,92.2
333,Female,3.0,92.1,6.1,High School,Yes,Yes,Yes,93.2
334,Male,3.4,80.6,6.9,Masters,Yes,Yes,No,73.1
335,Female,4.0,90.1,9.1,None,Yes,No,No,69.9
336,Female,0.9,82.4,6.2,Masters,Yes,Yes,No,82.4
337,Male,1.5,92.4,5.5,High School,Yes,No,No,83.1
338,Male,4.6,91.2,8.6,Bachelors,Yes,No,No,60.3
339,Female,3.8,75.6,9.2,Bachelors,Yes,No,No,63.7
340,Female,3.2,95.9,6.8,Bachelors,Yes,No,No,54.1
341,Male,3.5,79.6,8.0,High School,Yes,Yes,No,74.9
342,Female,4.0,93.1,8.4,High School,Yes,Yes,No,78.0
343,Male,2.7,88.7,5.9,Masters,Yes,No,No,53.8
344,Female,2.3,100.0,6.2,PhD,Yes,Yes,No,64.5
345,Male,3.8,82.8,8.3,High School,Yes,No,No,53.8
346,Male,2.0,81.5,8.8,None,Yes,Yes,Yes,59.2
347,Male,4.1,84.8,7.5,High School,Yes,No,No,76.6
348,Female,0.9,82.0,5.7,Masters,Yes,No,No,61.2
349,Female,5.0,93.0,9.2,Masters,Yes,Yes,Yes,66.4
350,Male,4.2,68.8,6.2,Masters,Yes,Yes,Yes,50.5
351,Female,3.9,74.5,6.4,None,Yes,No,No,72.2
352,Male,5.0,74.3,7.2,High School,Yes,No,No,69.5
353,Male,6.0,94.5,8.7,PhD,Yes,Yes,No,61.3
354,Female,5.0,100.0,7.8,High School,Yes,No,Yes,67.7
355,Female,0.7,84.0,7.3,Masters,Yes,Yes,Yes,72.2
356,Male,1.6,83.3,7.4,Masters,Yes,Yes,No,60.2
357,Female,2.6,85.7,6.9,Masters,Yes,No,No,52.3
358,Female,3.5,96.6,7.5,High School,Yes,No,Yes,91.7
359,Male,4.3,75.7,3.8,PhD,Yes,No,No,62.4
360,Male,2.4,87.4,6.4,High School,Yes,No,No,68.8
361,Female,3.8,94.8,7.1,High School,Yes,Yes,Yes,82.1
362,Male,2.4,90.0,5.4,Masters,Yes,No,Yes,100.0
363,Male,2.6,86.9,7.3,Bachelors,Yes,Yes,Yes,55.1
364,Female,1.4,95.0,6.6,Masters,Yes,Yes,No,75.4
365,Male,2.1,58.0,8.9,Bachelors,Yes,Yes,No,61.5
366,Male,1.5,91.8,8.7,High School,Yes,Yes,No,63.5
367,Female,2.0,78.5,6.2,Masters,Yes,Yes,No,61.4
368,Female,5.1,66.7,6.6,Bachelors,No,Yes,No,56.5
369,Male,2.1,90.1,6.7,High School,No,Yes,No,69.5
370,Male,7.4,98.7,6.3,Masters,Yes,Yes,No,52.3
371,Female,4.2,83.6,7.0,Bachelors,Yes,No,Yes,81.4
372,Female,3.8,94.5,5.9,Bachelors,Yes,Yes,No,70.7
373,Female,2.2,100.0,5.4,Bachelors,Yes,Yes,No,75.1
374,Female,4.6,98.1,7.5,Masters,Yes,No,No,64.4
375,Male,2.6,100.0,7.6,Masters,Yes,No,No,65.6
376,Female,3.7,92.4,5.8,Masters,Yes,No,Yes,73.5
377,Female,7.3,85.8,7.9,High School,Yes,Yes,No,56.0
378,Male,3.4,69.0,6.0,Masters,Yes,No,No,65.7
379,Female,5.2,82.5,7.1,Masters,Yes,Yes,No,59.7
380,Male,2.4,76.6,7.8,Masters,Yes,Yes,No,59.3
381,Female,3.4,100.0,6.8,Bachelors,No,Yes,No,44.7
382,Female,6.2,83.2,7.3,PhD,Yes,No,No,86.1
383,Female,2.6,86.2,6.2,Masters,Yes,Yes,No,61.8
384,Male,6.2,90.5,6.6,High School,Yes,Yes,No,84.0
385,Male,4.6,85.4,6.6,Bachelors,No,Yes,No,82.8
386,Female,2.7,100.0,5.9,PhD,Yes,No,No,54.6
387,Male,4.4,78.8,6.6,High School,Yes,No,No,56.9
388,Male,5.0,86.9,4.9,None,Yes,Yes,No,100.0
389,Male,4.4,77.6,6.2,Masters,Yes,No,Yes,91.0
390,Male,1.1,71.8,6.5,Bachelors,Yes,Yes,Yes,69.6
391,Male,2.4,78.9,6.5,High School,Yes,No,No,73.1
392,Male,3.1,84.6,6.5,High School,Yes,Yes,No,62.4
393,Female,3.4,80.7,6.7,None,No,No,No,75.2
394,Female,4.4,78.1,7.4,High School,Yes,Yes,No,61.4
395,Male,3.8,70.9,7.8,Masters,Yes,No,Yes,45.6
396,Female,1.5,84.2,6.0,Bachelors,Yes,Yes,No,54.1
397,Female,4.1,70.0,5.4,High School,Yes,Yes,No,70.3
398,Female,4.4,92.6,5.5,High School,No,Yes,No,56.4
399,Female,4.3,85.8,6.2,Bachelors,Yes,Yes,No,69.2
400,Male,5.1,70.4,6.4,None,Yes,Yes,No,57.1
401,Female,4.8,81.9,5.9,Bachelors,Yes,No,Yes,60.6
402,Female,4.2,77.5,5.2,Bachelors,Yes,Yes,No,80.2
403,Male,3.4,88.2,6.3,High School,Yes,No,Yes,73.0
404,Male,1.0,98.4,7.0,Bachelors,Yes,No,No,69.9
405,Female,4.1,66.2,7.5,Bachelors,Yes,No,No,80.5
406,Female,3.8,86.2,6.1,PhD,Yes,No,No,75.8
407,Female,3.9,83.4,6.3,Bachelors,Yes,No,No,87.4
408,Female,1.6,91.7,5.7,Bachelors,Yes,Yes,No,64.5
409,Female,1.9,87.1,6.8,High School,No,No,No,64.8
410,Female,5.1,77.5,5.8,None,Yes,Yes,Yes,54.4
411,Male,3.4,81.8,7.5,High School,Yes,No,No,64.9
412,Female,4.5,77.0,4.7,High School,Yes,No,No,81.6
413,Female,3.5,95.8,6.4,Masters,Yes,Yes,No,85.6
414,Male,3.5,85.2,7.2,Bachelors,Yes,Yes,No,81.5
415,Male,4.9,100.0,7.0,Bachelors,No,Yes,Yes,48.5
416,Male,2.7,84.4,10.0,Bachelors,Yes,No,Yes,83.0
417,Male,3.6,77.9,7.2,Masters,No,No,No,47.9
418,Female,2.8,69.9,5.6,High School,Yes,Yes,No,80.8
419,Female,2.8,67.0,6.7,Masters,Yes,No,No,65.6
420,Female,3.0,69.2,4.7,Bachelors,No,No,No,78.4
421,Female,3.8,87.7,6.7,Bachelors,Yes,Yes,Yes,54.0
422,Female,2.8,90.1,5.8,Bachelors,No,Yes,No,84.1
423,Female,5.4,69.2,7.9,High School,Yes,No,Yes,52.4
424,Male,2.2,94.0,6.1,Masters,No,No,No,62.0
425,Female,3.2,80.2,6.7,Bachelors,Yes,No,Yes,58.0
426,Male,2.8,86.5,6.0,High School,Yes,Yes,No,48.9
427,Male,5.7,100.0,8.9,Bachelors,Yes,Yes,Yes,71.1
428,Female,3.8,94.0,6.4,None,Yes,Yes,No,91.7
429,Male,5.0,82.3,9.0,Bachelors,Yes,Yes,No,100.0
430,Female,1.3,76.1,7.8,None,Yes,Yes,No,71.2
431,Male,3.9,63.5,7.4,High School,Yes,No,No,83.4
432,Female,4.8,77.8,7.2,High School,Yes,Yes,No,72.8
433,Male,3.6,82.9,7.3,High School,Yes,No,Yes,76.0
434,Female,5.1,75.1,4.5,Bachelors,Yes,Yes,No,65.9
435,Female,2.7,83.7,6.5,High School,Yes,No,No,72.3
436,Female,5.6,85.8,7.8,High School,Yes,Yes,Yes,76.4
437,Female,6.9,82.8,6.7,None,Yes,Yes,Yes,63.1
438,Female,3.0,78.5,5.1,Masters,Yes,Yes,No,69.1
439,Male,2.8,86.7,6.7,Masters,Yes,No,No,69.3
440,Male,5.7,89.4,8.8,High School,No,No,No,79.9
441,Male,5.9,74.1,8.3,High School,Yes,Yes,No,57.2
442,Female,2.7,99.1,6.7,High School,Yes,Yes,Yes,69.4
443,Male,2.9,84.0,7.9,Masters,Yes,No,Yes,92.9
444,Female,3.1,85.2,6.4,None,Yes,Yes,No,84.0
445,Female,1.5,92.1,4.8,Bachelors,Yes,Yes,Yes,86.2
446,Male,2.1,87.3,5.7,High School,Yes,No,No,70.3
447,Male,2.0,94.5,8.7,Bachelors,Yes,No,No,73.9
448,Female,2.3,87.9,6.5,High School,Yes,Yes,Yes,82.0
449,Male,3.4,78.9,6.5,Bachelors,Yes,Yes,No,88.7
450,Female,3.9,88.6,6.4,Bachelors,Yes,No,Yes,46.6
451,Female,5.8,73.6,9.1,Masters,No,Yes,No,54.2
452,Female,2.0,86.1,8.8,High School,Yes,Yes,Yes,85.7
453,Female,5.0,84.7,9.5,High School,Yes,No,No,66.7
454,Female,3.2,82.9,6.6,None,No,No,No,61.9
455,Male,3.4,83.7,7.2,High School,Yes,Yes,No,55.0
456,Male,4.5,66.2,5.0,High School,Yes,No,No,63.3
457,Female,1.8,79.5,8.6,High School,Yes,No,Yes,53.2
458,Female,4.1,85.9,5.4,High School,No,Yes,No,95.1
459,Male,3.7,86.6,7.1,Bachelors,No,No,No,69.7
460,Male,4.2,74.7,5.5,Masters,Yes,Yes,No,69.3
461,Female,3.9,97.7,6.1,High School,Yes,Yes,Yes,77.1
462,Male,7.2,76.3,5.8,Bachelors,Yes,No,No,81.5
463,Female,2.5,94.7,6.1,Masters,Yes,Yes,Yes,81.4
464,Male,2.7,89.3,6.2,Bachelors,Yes,Yes,No,82.9
465,Female,2.6,78.5,6.1,PhD,No,Yes,Yes,62.4
466,Male,2.7,100.0,7.8,PhD,Yes,Yes,No,66.4
467,Female,2.5,73.1,5.5,High School,Yes,No,Yes,79.2
468,Male,5.3,94.2,7.1,Masters,Yes,No,No,63.7
469,Male,5.6,95.0,8.3,Bachelors,Yes,No,No,69.9
470,Female,2.6,78.3,6.2,None,Yes,Yes,Yes,74.8
471,Male,2.3,98.9,5.9,Bachelors,Yes,Yes,No,79.4
472,Female,4.2,82.5,6.5,None,No,Yes,Yes,48.7
473,Male,2.7,87.9,8.2,Masters,No,Yes,No,78.6
474,Female,4.4,87.6,7.0,High School,Yes,Yes,No,67.2
475,Male,3.8,83.7,6.2,Bachelors,No,No,No,78.5
476,Female,1.2,93.1,7.4,None,Yes,No,No,79.3
477,Male,5.8,92.9,5.5,PhD,Yes,No,Yes,89.3
478,Female,6.2,67.5,7.6,High School,Yes,Yes,No,86.2
479,Male,2.6,98.0,7.3,Masters,Yes,No,Yes,86.2
480,Female,2.9,68.4,6.4,High School,No,Yes,No,87.3
481,Female,3.9,95.3,5.8,High School,Yes,Yes,No,73.5
482,Female,4.0,96.3,5.7,Bachelors,Yes,No,No,70.4
483,Male,4.5,74.1,7.4,High School,Yes,No,Yes,80.5
484,Female,6.5,80.9,8.3,Masters,Yes,Yes,No,78.8
485,Male,3.2,73.9,6.0,High School,Yes,Yes,No,66.3
486,Female,2.3,82.9,7.4,Masters,Yes,Yes,Yes,74.9
487,Male,1.4,81.9,4.3,High School,Yes,No,No,69.6
488,Female,2.4,92.8,6.1,High School,Yes,Yes,No,59.8
489,Male,3.5,98.1,6.8,High School,Yes,No,No,85.5
490,Male,6.2,99.0,5.7,High School,Yes,Yes,No,70.7
491,Female,2.7,79.4,5.7,High School,Yes,Yes,No,94.6
492,Male,3.8,82.9,6.0,High School,Yes,Yes,Yes,50.5
493,Male,3.5,68.2,7.2,Bachelors,Yes,Yes,No,63.3
494,Female,5.3,76.9,6.6,High School,Yes,Yes,Yes,70.4
495,Male,7.3,94.6,4.1,Bachelors,Yes,No,No,83.6
496,Male,2.7,100.0,4.3,Bachelors,No,No,No,74.8
497,Male,2.8,72.7,6.1,PhD,Yes,No,No,73.7
498,Female,5.1,79.1,7.3,None,Yes,No,No,56.5
499,Male,4.5,84.7,3.5,Bachelors,No,No,Yes,56.1
500,Female,6.3,87.8,6.2,High School,Yes,No,No,73.9
501,Male,4.4,76.9,6.2,High School,Yes,No,No,53.6
502,Male,3.0,89.2,8.5,None,Yes,Yes,Yes,63.6
503,Male,4.4,80.3,6.3,High School,No,Yes,No,76.0
504,Female,5.2,84.9,7.3,High School,No,Yes,No,58.2
505,Male,4.7,90.5,7.0,High School,Yes,Yes,No,89.3
506,Male,4.3,85.1,4.2,High School,Yes,Yes,Yes,84.7
507,Female,5.1,80.6,7.7,High School,Yes,No,No,51.1
508,Male,5.3,83.9,7.1,Masters,No,Yes,Yes,58.8
509,Female,5.6,84.1,7.4,High School,No,Yes,Yes,42.6
510,Female,4.5,81.3,10.0,Bachelors,Yes,Yes,Yes,60.6
511,Male,3.2,82.4,4.3,High School,Yes,Yes,Yes,79.2
512,Female,3.7,100.0,8.9,High School,Yes,Yes,Yes,65.0
513,Male,5.3,90.6,6.5,None,Yes,Yes,No,75.5
514,Female,2.3,82.0,7.1,High School,Yes,Yes,No,51.7
515,Female,4.1,92.0,6.7,Masters,Yes,Yes,Yes,79.6
516,Male,2.9,81.7,6.3,Bachelors,Yes,No,Yes,63.3
517,Female,3.5,96.7,6.1,High School,Yes,No,No,70.1
518,Female,5.4,88.7,7.2,None,No,Yes,No,68.9
519,Female,3.8,83.9,5.0,High School,Yes,Yes,Yes,54.7
520,Female,3.6,89.5,7.7,PhD,Yes,Yes,Yes,56.2
521,Female,1.5,69.3,6.3,High School,Yes,No,Yes,81.6
522,Male,4.6,73.7,5.4,PhD,No,Yes,Yes,74.8
523,Female,4.5,73.1,6.3,High School,Yes,Yes,Yes,82.6
524,Male,6.7,86.4,8.3,Bachelors,Yes,No,No,73.9
525,Female,3.0,100.0,6.2,Masters,Yes,Yes,Yes,71.7
526,Male,3.8,100.0,7.2,None,Yes,Yes,No,49.3
527,Male,3.9,91.4,5.9,None,Yes,Yes,Yes,66.8
528,Female,5.9,90.0,7.7,Masters,Yes,No,No,69.7
529,Female,3.4,67.0,7.6,PhD,No,No,No,93.4
530,Female,3.9,79.6,9.0,High School,Yes,No,No,78.2
531,Male,4.4,77.1,6.6,High School,Yes,Yes,No,88.4
532,Female,3.8,78.8,7.6,High School,Yes,Yes,No,77.2
533,Male,2.8,83.3,6.9,Bachelors,Yes,No,No,61.5
534,Male,3.8,80.3,8.4,Bachelors,Yes,No,No,71.4
535,Male,5.1,65.2,5.9,Bachelors,Yes,Yes,No,72.8
536,Female,2.0,92.5,7.7,High School,Yes,No,No,58.7
537,Female,3.7,74.3,6.6,Masters,Yes,Yes,No,65.4
538,Male,2.4,87.4,6.7,High School,Yes,Yes,No,67.5
539,Male,5.3,100.0,6.9,High School,Yes,No,No,89.3
540,Female,1.2,75.8,7.1,Bachelors,Yes,Yes,Yes,45.0
541,Male,2.7,59.7,6.7,Masters,No,No,Yes,84.5
542,Female,4.1,82.1,7.1,Masters,Yes,Yes,No,58.8
543,Male,5.8,96.0,8.7,Bachelors,Yes,Yes,Yes,53.5
544,Female,3.4,100.0,8.0,High School,Yes,No,No,84.2
545,Male,2.7,72.7,7.8,Bachelors,Yes,No,Yes,78.8
546,Female,6.3,90.0,6.3,High School,Yes,Yes,No,85.1
547,Male,1.3,80.3,5.7,Bachelors,No,Yes,No,79.6
548,Female,0.5,83.9,7.9,Bachelors,Yes,No,No,94.7
549,Female,4.2,100.0,7.9,High School,Yes,Yes,No,76.7
550,Male,2.7,70.0,8.6,High School,Yes,No,No,68.1
551,Male,2.0,87.5,6.1,None,Yes,No,No,74.1
552,Female,4.6,89.7,6.5,None,Yes,Yes,No,84.9
553,Male,3.9,95.9,4.8,Bachelors,Yes,Yes,Yes,60.6
554,Female,2.7,86.0,6.3,High School,Yes,Yes,No,62.2
555,Male,1.6,88.1,8.0,High School,No,No,No,66.3
556,Female,4.8,81.1,6.2,Bachelors,Yes,Yes,No,44.7
557,Female,4.5,87.7,7.6,None,Yes,Yes,No,71.7
558,Female,3.4,81.6,6.6,High School,Yes,Yes,No,47.4
559,Female,6.3,91.2,7.2,Masters,Yes,No,Yes,70.6
560,Female,1.9,81.3,5.4,High School,Yes,Yes,Yes,80.4
561,Female,1.2,88.8,6.9,None,Yes,Yes,No,64.3
562,Male,2.5,84.7,3.2,Bachelors,No,No,No,90.1
563,Male,3.4,96.3,6.6,Masters,No,No,No,52.5
564,Male,3.9,84.5,4.8,High School,No,No,Yes,84.3
565,Female,3.1,67.3,8.2,Bachelors,Yes,Yes,No,78.1
566,Female,4.0,97.6,7.7,High School,Yes,Yes,No,49.4
567,Female,1.6,75.9,7.4,High School,Yes,No,No,100.0
568,Female,5.7,78.5,8.6,None,Yes,Yes,Yes,69.2
569,Male,3.4,79.0,5.7,None,Yes,No,Yes,59.5
570,Male,5.2,98.7,8.9,PhD,Yes,No,Yes,53.1
571,Female,4.0,63.6,7.9,Bachelors,Yes,Yes,Yes,67.4
572,Male,4.2,100.0,6.5,Masters,Yes,No,Yes,68.5
573,Male,4.4,95.6,8.2,High School,Yes,No,Yes,71.2
574,Female,4.2,87.2,5.5,High School,Yes,Yes,No,66.4
575,Male,4.5,84.5,5.8,High School,Yes,Yes,No,77.6
576,Female,5.5,87.9,6.1,Bachelors,Yes,Yes,No,65.3
577,Male,3.8,90.2,6.2,Bachelors,Yes,Yes,Yes,46.8
578,Female,4.6,91.5,5.5,High School,Yes,Yes,No,68.2
579,Female,3.4,90.6,8.3,Bachelors,Yes,No,No,41.6
580,Female,5.7,85.9,6.5,Masters,Yes,No,Yes,74.2
581,Female,2.5,83.0,7.2,Bachelors,Yes,Yes,No,58.2
582,Male,6.2,83.5,6.1,High School,Yes,Yes,Yes,72.0
583,Female,3.4,83.1,4.6,High School,Yes,No,No,85.8
584,Female,1.4,96.3,7.1,High School,Yes,Yes,No,58.6
585,Female,3.7,90.9,4.5,High School,Yes,No,No,82.7
586,Male,2.5,55.6,6.7,Bachelors,Yes,Yes,No,64.8
587,Female,4.8,91.6,5.2,Bachelors,No,Yes,No,91.0
588,Male,2.5,86.9,9.2,Masters,Yes,Yes,No,65.6
589,Female,2.8,84.8,7.9,Bachelors,Yes,No,No,59.9
590,Male,0.7,81.1,6.9,Masters,Yes,Yes,Yes,78.2
591,Male,2.8,96.2,8.3,High School,Yes,No,Yes,64.8
592,Female,0.5,94.5,5.8,Bachelors,Yes,Yes,No,59.9
593,Male,1.1,77.3,7.5,Masters,Yes,Yes,No,64.3
594,Female,4.6,89.1,7.0,High School,No,Yes,No,69.5
595,Female,4.7,75.3,7.1,High School,Yes,No,Yes,86.1
596,Female,4.1,71.2,8.3,PhD,Yes,No,No,46.8
597,Male,2.0,78.7,7.7,High School,Yes,Yes,Yes,70.3
598,Male,3.4,93.6,7.1,Masters,No,Yes,No,77.5
599,Female,3.5,94.5,4.8,High School,Yes,Yes,No,72.3
600,Female,1.8,90.1,5.6,Masters,Yes,Yes,No,85.7
601,Male,5.8,92.3,6.7,High School,Yes,Yes,Yes,69.1
602,Female,4.8,90.2,6.9,High School,Yes,No,No,67.8
603,Female,3.2,78.6,5.4,Bachelors,Yes,No,No,77.1
604,Female,3.5,89.3,9.7,High School,Yes,Yes,No,71.2
605,Male,3.8,93.0,8.6,Bachelors,Yes,Yes,No,65.3
606,Male,0.5,92.5,7.5,High School,Yes,No,No,76.2
607,Male,3.1,96.9,6.9,High School,No,No,No,62.2
608,Female,2.5,92.1,6.5,High School,Yes,Yes,No,62.7
609,Female,2.0,88.5,5.7,High School,No,Yes,Yes,63.7
610,Female,3.1,95.7,6.9,None,Yes,Yes,No,86.2
611,Male,6.2,84.7,7.1,High School,Yes,Yes,No,31.3
612,Female,4.5,76.2,5.3,Bachelors,Yes,Yes,Yes,74.7
613,Female,2.6,83.4,7.2,High School,Yes,Yes,Yes,70.4
614,Female,4.4,77.6,6.6,High School,Yes,No,No,49.8
615,Female,5.6,78.2,4.5,None,Yes,Yes,Yes,73.7
616,Male,4.9,83.6,5.8,High School,Yes,Yes,No,75.7
617,Male,3.6,77.1,6.3,None,Yes,Yes,Yes,77.1
618,Female,2.5,81.9,9.1,High School,Yes,No,No,38.2
619,Male,4.5,66.1,7.5,Masters,Yes,No,No,86.4
620,Male,4.1,87.1,5.2,Bachelors,Yes,Yes,No,61.1
621,Female,4.8,85.0,7.4,PhD,Yes,Yes,No,78.2
622,Female,4.5,76.8,4.9,Bachelors,No,No,No,78.9
623,Male,5.1,91.6,8.1,Bachelors,Yes,Yes,No,59.5
624,Female,2.7,94.4,6.2,High School,Yes,Yes,Yes,77.9
625,Male,5.5,68.9,6.7,High School,Yes,Yes,Yes,65.4
626,Female,3.8,77.4,8.4,None,Yes,Yes,Yes,45.1
627,Male,6.6,77.3,5.3,High School,No,Yes,No,84.0
628,Female,2.5,75.6,5.1,Bachelors,Yes,No,Yes,60.7
629,Male,6.1,93.3,6.1,Masters,Yes,No,Yes,59.7
630,Male,3.8,83.1,8.0,High School,Yes,Yes,No,65.2
631,Male,2.5,82.4,5.0,None,Yes,No,No,73.3
632,Female,2.8,65.0,3.4,Masters,No,Yes,No,69.3
633,Male,3.0,91.4,6.3,Bachelors,Yes,Yes,Yes,76.6
634,Male,4.1,72.6,7.5,PhD,Yes,No,Yes,53.9
635,Female,4.3,85.6,8.2,High School,Yes,No,No,61.1
636,Female,2.6,87.8,6.2,High School,Yes,Yes,Yes,68.6
637,Male,3.5,98.6,6.3,Bachelors,Yes,Yes,No,92.8
638,Male,6.7,71.9,8.2,High School,Yes,No,No,68.6
639,Female,6.1,54.8,4.6,Masters,Yes,No,No,83.0
640,Female,4.2,86.8,6.3,None,No,No,Yes,70.5
641,Female,3.6,100.0,7.0,Bachelors,Yes,Yes,No,64.2
642,Female,3.7,97.4,7.3,High School,Yes,Yes,No,67.0
643,Female,4.4,87.1,6.2,None,Yes,Yes,No,68.0
644,Male,2.0,80.1,6.8,Bachelors,No,Yes,No,77.2
645,Female,3.1,93.1,3.8,Bachelors,Yes,No,Yes,86.5
646,Male,1.0,75.3,6.0,Bachelors,Yes,Yes,Yes,74.3
647,Male,4.1,89.8,7.3,None,Yes,Yes,No,84.2
648,Male,4.5,90.1,5.6,Bachelors,Yes,No,No,58.4
649,Female,2.8,95.6,6.9,Masters,Yes,Yes,No,65.0
650,Male,5.9,100.0,7.3,Masters,Yes,Yes,No,61.3
651,Male,1.7,88.9,6.4,High School,Yes,No,No,73.8
652,Female,1.3,79.9,7.0,Bachelors,Yes,No,No,65.7
653,Male,3.8,84.7,5.6,Masters,Yes,No,No,78.8
654,Male,5.1,67.3,6.6,Bachelors,No,Yes,Yes,58.8
655,Female,6.0,78.1,7.5,Masters,No,No,No,70.5
656,Male,2.8,80.9,7.0,None,Yes,No,Yes,78.2
657,Male,5.1,79.8,6.1,Bachelors,Yes,Yes,No,45.2
658,Male,3.4,86.5,7.1,Masters,Yes,Yes,No,95.5
659,Female,3.2,76.8,7.7,Masters,Yes,No,No,66.6
660,Female,4.8,96.2,4.3,Masters,Yes,Yes,Yes,45.7
661,Female,4.5,85.0,8.2,Bachelors,Yes,No,No,71.9
662,Male,1.1,84.9,6.4,High School,Yes,Yes,Yes,70.4
663,Male,5.7,81.7,7.3,Bachelors,Yes,Yes,No,69.0
664,Female,5.6,86.6,8.2,Masters,Yes,Yes,Yes,81.9
665,Male,2.6,93.3,5.2,Bachelors,Yes,No,No,79.0
666,Male,4.1,76.3,5.9,Masters,Yes,Yes,No,73.6
667,Female,4.2,78.4,6.5,Bachelors,Yes,Yes,No,75.4
668,Female,3.9,82.0,5.9,Bachelors,Yes,No,No,68.7
669,Male,2.7,71.5,8.9,High School,Yes,No,Yes,91.3
670,Male,2.5,76.8,5.8,Masters,Yes,No,Yes,52.2
671,Male,3.5,80.2,6.1,Bachelors,Yes,Yes,No,71.7
672,Female,5.3,93.7,7.0,High School,No,Yes,No,70.8
673,Female,4.3,87.6,5.4,High School,Yes,No,Yes,79.8
674,Female,2.9,86.9,6.3,Masters,Yes,No,No,59.9
675,Female,4.7,93.5,7.2,Bachelors,Yes,Yes,No,49.1
676,Male,0.5,83.6,6.4,High School,No,Yes,Yes,71.9
677,Female,5.2,88.9,6.7,None,No,No,Yes,73.4
678,Female,0.9,84.0,6.2,Masters,Yes,Yes,Yes,87.9
679,Female,3.0,87.7,5.0,None,No,No,No,54.8
680,Female,1.8,79.2,7.2,Bachelors,Yes,Yes,No,83.9
681,Female,1.6,60.6,8.9,Bachelors,Yes,Yes,No,98.4
682,Male,5.2,83.7,6.8,PhD,Yes,No,No,65.5
683,Male,2.8,99.2,7.1,Bachelors,Yes,Yes,Yes,54.5
684,Female,4.0,94.3,7.6,Masters,No,Yes,No,65.1
685,Male,3.4,94.7,5.3,High School,Yes,Yes,No,70.2
686,Female,4.2,97.4,8.8,Bachelors,No,Yes,Yes,76.8
687,Female,3.6,85.9,7.0,High School,Yes,No,No,62.9
688,Male,1.6,87.0,8.8,High School,Yes,No,No,88.7
689,Male,5.0,78.8,5.9,High School,Yes,No,No,56.6
690,Female,2.8,81.8,9.0,High School,Yes,Yes,No,49.1
691,Female,1.2,91.2,7.7,None,Yes,Yes,Yes,83.3
692,Female,2.9,97.0,7.5,High School,Yes,Yes,Yes,42.7
693,Male,5.8,83.6,7.1,Masters,No,No,No,67.6
694,Female,4.8,80.5,6.5,Masters,Yes,No,Yes,100.0
695,Female,3.0,85.0,8.2,Bachelors,Yes,No,No,69.9
696,Female,3.0,91.0,7.0,High School,Yes,Yes,No,56.6
697,Male,3.0,70.6,4.4,Masters,Yes,Yes,No,69.3
698,Female,6.6,62.0,5.5,Bachelors,No,Yes,No,69.4
699,Female,4.1,79.5,6.6,Masters,Yes,Yes,No,71.9
700,Male,4.1,72.8,7.2,Masters,Yes,Yes,No,77.9
701,Female,5.0,79.9,6.7,None,Yes,No,No,57.5
702,Female,3.9,83.5,8.3,Bachelors,Yes,Yes,Yes,90.3
703,Male,3.1,80.5,4.5,High School,Yes,Yes,Yes,72.9
704,Female,3.2,99.5,7.0,Bachelors,Yes,Yes,No,78.7
705,Male,3.4,88.3,4.6,High School,Yes,No,Yes,62.5
706,Male,3.4,88.0,7.7,PhD,Yes,No,Yes,85.4
707,Female,4.6,91.2,6.7,High School,Yes,No,Yes,66.9
708,Female,3.6,73.6,7.3,High School,Yes,No,No,73.3
709,Female,4.6,95.4,5.8,Masters,Yes,Yes,No,58.8
710,Female,3.4,84.2,8.3,Bachelors,Yes,No,Yes,58.0
711,Male,3.6,91.7,8.1,Bachelors,Yes,Yes,No,78.3
712,Female,0.5,74.3,7.5,Bachelors,Yes,Yes,No,64.7
713,Male,4.9,69.5,6.6,PhD,No,No,Yes,59.8
714,Female,4.0,93.2,7.5,High School,Yes,No,No,62.3
715,Female,5.0,88.8,6.0,PhD,Yes,Yes,No,78.4
716,Female,0.5,76.0,7.8,High School,No,Yes,No,62.5
717,Male,6.6,76.3,8.8,Masters,Yes,Yes,No,68.6
718,Female,3.3,96.3,8.1,Masters,Yes,Yes,Yes,70.2
719,Female,5.2,73.1,5.9,High School,Yes,Yes,No,47.0
720,Female,1.9,100.0,7.2,Bachelors,Yes,Yes,Yes,52.3
721,Female,4.4,76.0,5.2,High School,Yes,Yes,No,74.0
722,Male,1.9,91.4,7.5,Masters,Yes,No,No,61.2
723,Female,2.6,81.7,7.3,Bachelors,No,Yes,No,82.7
724,Male,6.4,91.0,4.6,Bachelors,Yes,Yes,Yes,81.6
725,Male,3.2,79.6,5.4,High School,Yes,Yes,No,78.6
726,Male,3.8,83.4,6.5,High School,Yes,No,No,91.8
727,Male,4.8,85.4,6.4,High School,Yes,Yes,No,69.0
728,Male,4.2,75.0,5.3,High School,Yes,Yes,No,77.8
729,Male,3.7,92.4,7.3,Bachelors,Yes,Yes,No,63.0
730,Female,4.0,79.9,7.1,PhD,Yes,No,No,99.4
731,Male,7.1,82.7,6.6,Masters,Yes,No,No,93.8
732,Male,3.4,75.1,5.9,Bachelors,No,No,No,70.1
733,Male,3.8,59.4,8.1,None,No,No,No,74.6
734,Female,5.1,83.1,8.8,Masters,Yes,No,No,86.3
735,Female,5.2,100.0,6.2,None,Yes,No,Yes,68.2
736,Male,5.3,92.8,6.1,Bachelors,Yes,Yes,No,62.1
737,Female,4.5,84.8,7.4,High School,No,Yes,No,80.5
738,Male,1.8,82.4,6.4,High School,Yes,No,Yes,70.9
739,Male,6.0,85.2,6.6,Masters,Yes,Yes,No,72.2
740,Female,1.8,90.5,7.7,High School,Yes,Yes,No,60.0
741,Male,4.0,73.2,4.5,High School,Yes,No,No,49.4
742,Female,2.4,96.1,8.4,Bachelors,Yes,Yes,No,72.8
743,Female,3.4,92.2,6.9,Bachelors,Yes,No,Yes,80.9
744,Male,4.0,92.2,6.3,Bachelors,Yes,No,Yes,67.3
745,Male,4.0,89.4,6.7,High School,Yes,Yes,No,87.2
746,Female,4.1,85.2,6.8,Bachelors,Yes,No,Yes,61.6
747,Male,5.9,91.7,4.7,Bachelors,Yes,Yes,Yes,57.3
748,Male,4.2,90.9,8.6,None,No,Yes,No,69.2
749,Male,3.1,81.5,6.8,Masters,Yes,Yes,No,69.0
750,Female,4.9,79.3,7.3,None,No,No,No,79.2
751,Female,5.3,86.0,7.9,Masters,Yes,No,No,60.7
752,Male,1.7,100.0,5.6,Bachelors,Yes,Yes,Yes,86.4
753,Female,4.4,72.6,7.4,High School,Yes,No,Yes,93.6
754,Female,4.6,70.3,6.5,Masters,Yes,Yes,No,69.5
755,Female,3.1,86.6,7.8,Bachelors,Yes,No,No,85.0
756,Female,5.6,85.5,4.2,Bachelors,Yes,Yes,Yes,57.3
757,Female,3.3,86.7,6.7,Bachelors,Yes,No,No,82.9
758,Male,3.7,87.4,6.1,Bachelors,Yes,Yes,Yes,82.6
759,Male,3.2,82.8,7.3,High School,Yes,Yes,No,80.4
760,Male,3.5,99.9,7.4,Bachelors,No,Yes,Yes,69.8
761,Female,1.9,69.0,6.0,High School,Yes,No,Yes,34.5
762,Female,1.3,76.7,5.9,Masters,No,Yes,Yes,62.3
763,Male,5.9,84.0,6.7,High School,Yes,No,No,62.5
764,Female,2.2,68.6,5.7,High School,Yes,Yes,No,58.3
765,Male,2.0,83.2,7.8,Bachelors,Yes,Yes,No,71.5
766,Male,0.5,100.0,6.4,Masters,Yes,Yes,No,65.0
767,Male,2.5,85.2,3.3,Bachelors,Yes,No,No,60.1
768,Female,1.5,87.3,6.4,High School,Yes,Yes,Yes,57.3
769,Female,6.0,72.4,5.6,Bachelors,Yes,No,No,61.4
770,Male,5.0,78.8,4.8,High School,Yes,No,No,83.5
771,Male,2.5,81.2,5.3,None,Yes,No,No,62.1
772,Male,6.9,81.8,6.9,None,Yes,Yes,Yes,63.8
773,Male,5.0,97.8,8.4,Bachelors,Yes,No,No,64.5
774,Female,3.0,90.6,7.2,High School,Yes,No,Yes,74.1
775,Female,0.5,73.9,6.1,Masters,Yes,Yes,No,75.5
776,Male,6.9,87.5,7.3,High School,Yes,No,Yes,33.5
777,Male,1.4,90.0,6.2,Bachelors,Yes,Yes,No,82.3
778,Female,1.0,96.4,6.0,High School,Yes,Yes,No,87.2
779,Female,5.0,100.0,5.4,None,Yes,Yes,No,57.4
780,Male,7.2,74.8,4.7,High School,Yes,Yes,No,58.3
781,Male,5.6,76.9,6.3,Bachelors,No,Yes,No,64.6
782,Male,4.3,72.4,7.0,Masters,Yes,Yes,No,60.9
783,Female,4.4,82.7,6.7,Bachelors,Yes,No,No,72.7
784,Female,4.8,89.7,6.3,High School,Yes,Yes,No,46.6
785,Female,4.6,94.9,5.7,None,Yes,Yes,No,56.6
786,Male,3.9,84.2,7.5,Bachelors,Yes,Yes,Yes,88.5
787,Male,3.7,81.8,5.2,Bachelors,Yes,No,No,58.9
788,Female,3.4,86.5,7.7,High School,Yes,No,No,84.9
789,Female,2.4,76.6,5.6,Bachelors,Yes,No,No,74.3
790,Male,3.1,100.0,5.9,Bachelors,Yes,No,No,48.3
791,Female,1.0,68.9,5.0,High School,Yes,Yes,No,77.6
792,Female,3.4,86.8,6.2,High School,No,No,Yes,68.6
793,Male,2.0,100.0,8.0,Masters,Yes,Yes,Yes,64.5
794,Female,1.8,85.1,7.4,High School,Yes,Yes,Yes,72.9
795,Male,3.8,83.1,8.0,High School,Yes,No,No,75.7
796,Male,5.6,81.4,7.4,Bachelors,Yes,Yes,No,78.5
797,Male,4.9,83.2,5.5,Masters,Yes,No,No,84.1
798,Male,1.1,98.7,6.4,High School,Yes,No,No,74.9
799,Male,2.0,62.9,5.9,Bachelors,Yes,Yes,Yes,53.5
800,Male,4.9,100.0,8.4,High School,Yes,Yes,No,64.3
801,Male,2.0,70.8,5.4,High School,Yes,Yes,No,100.0
802,Female,3.2,82.3,7.9,High School,Yes,No,No,78.7
803,Male,4.3,80.7,7.9,Masters,Yes,No,No,98.4
804,Male,2.0,90.9,9.0,High School,Yes,Yes,No,86.7
805,Female,3.7,69.0,6.3,High School,Yes,Yes,No,72.9
806,Female,1.5,89.6,7.7,Bachelors,Yes,No,No,73.6
807,Female,2.6,100.0,9.5,Masters,Yes,No,Yes,69.6
808,Male,4.0,71.4,6.1,High School,No,Yes,Yes,49.1
809,Female,1.1,86.9,5.0,Bachelors,Yes,Yes,No,70.2
810,Male,4.2,78.4,4.5,High School,No,No,No,84.5
811,Male,3.5,89.3,7.7,Bachelors,Yes,Yes,No,62.8
812,Male,4.3,85.2,4.5,Bachelors,Yes,Yes,No,74.9
813,Male,3.8,78.6,6.4,Bachelors,Yes,No,No,80.2
814,Female,5.5,89.9,7.3,High School,No,No,Yes,59.1
815,Female,3.7,100.0,7.0,High School,Yes,Yes,No,64.6
816,Male,2.9,83.1,7.3,High School,Yes,Yes,No,57.8
817,Male,3.7,92.2,7.1,Bachelors,Yes,Yes,Yes,60.1
818,Male,4.3,72.1,8.3,High School,Yes,Yes,No,54.5
819,Female,3.6,75.4,5.7,Masters,Yes,No,No,59.2
820,Male,3.6,89.7,6.0,None,No,Yes,No,87.0
821,Male,2.4,99.8,5.9,None,No,No,No,59.0
822,Female,2.5,88.6,7.8,PhD,Yes,No,No,71.5
823,Female,1.4,81.9,7.9,Bachelors,No,Yes,No,64.0
824,Male,6.1,85.0,7.3,Masters,Yes,Yes,No,84.1
825,Female,1.6,72.5,8.2,High School,Yes,Yes,No,85.7
826,Female,2.5,91.0,5.4,Bachelors,Yes,No,Yes,80.4
827,Male,2.4,93.8,8.8,Bachelors,Yes,No,No,73.7
828,Female,4.8,80.5,8.6,Bachelors,No,Yes,Yes,67.2
829,Male,3.1,80.3,7.7,Masters,Yes,No,Yes,55.7
830,Female,5.4,87.7,8.9,High School,Yes,No,No,93.3
831,Male,2.5,80.6,4.8,High School,Yes,No,Yes,60.9
832,Male,3.9,84.3,6.2,None,Yes,Yes,No,78.0
833,Male,2.2,100.0,5.9,High School,Yes,Yes,Yes,82.7
834,Female,6.7,82.5,7.7,Bachelors,No,No,No,63.3
835,Male,1.7,81.4,5.5,None,Yes,Yes,Yes,82.5
836,Female,4.0,78.5,7.7,Bachelors,Yes,Yes,Yes,79.2
837,Male,4.5,92.4,8.4,Bachelors,Yes,Yes,Yes,90.7
838,Male,4.1,83.2,7.6,High School,Yes,Yes,No,64.4
839,Female,3.2,78.5,7.1,High School,Yes,Yes,No,54.6
840,Male,3.3,98.2,5.6,PhD,Yes,No,Yes,63.9
841,Male,3.6,99.2,5.8,Bachelors,Yes,Yes,No,72.5
842,Female,3.3,79.0,8.3,Bachelors,Yes,Yes,No,70.7
843,Male,4.9,66.3,7.7,High School,Yes,No,No,65.3
844,Male,6.8,95.1,6.8,High School,Yes,Yes,No,47.1
845,Male,2.7,78.2,6.3,None,Yes,Yes,No,75.6
846,Male,1.4,92.9,4.4,Bachelors,Yes,No,Yes,93.7
847,Female,3.4,65.3,5.5,Bachelors,Yes,No,No,75.6
848,Female,7.4,93.9,9.1,High School,No,No,No,77.3
849,Male,2.3,72.9,5.3,Masters,Yes,No,No,76.9
850,Female,6.0,92.3,7.0,None,Yes,Yes,Yes,74.8
851,Male,6.0,85.1,8.0,Bachelors,Yes,No,Yes,81.2
852,Female,2.7,75.5,5.3,High School,Yes,Yes,No,74.7
853,Male,4.4,80.9,7.0,Bachelors,Yes,No,No,66.2
854,Male,5.9,91.9,7.9,Masters,No,Yes,No,60.4
855,Male,2.9,86.1,6.8,Bachelors,Yes,No,No,67.0
856,Male,3.2,90.8,10.0,PhD,Yes,No,Yes,73.8
857,Male,2.6,100.0,4.8,Bachelors,Yes,No,No,66.2
858,Male,2.0,69.4,8.1,PhD,Yes,Yes,No,73.8
859,Female,2.5,100.0,6.6,Bachelors,Yes,Yes,No,75.3
860,Male,1.7,86.0,7.7,High School,No,No,Yes,80.0
861,Female,3.6,76.0,7.3,High School,Yes,No,No,85.4
862,Male,2.3,71.7,5.9,High School,Yes,Yes,No,70.9
863,Female,3.9,83.1,7.1,None,Yes,No,Yes,54.3
864,Female,1.2,94.2,4.6,Masters,Yes,No,No,65.9
865,Female,4.0,83.7,7.5,Masters,Yes,Yes,No,70.5
866,Male,4.8,100.0,7.2,High School,Yes,No,Yes,48.0
867,Male,0.5,70.5,7.6,High School,Yes,Yes,No,86.7
868,Female,4.1,84.9,8.1,Masters,Yes,Yes,No,71.7
869,Male,5.3,72.5,7.2,Bachelors,Yes,Yes,No,74.6
870,Female,1.7,88.6,7.0,High School,Yes,No,No,86.4
871,Male,6.0,93.9,5.7,Bachelors,Yes,No,No,62.4
872,Female,4.1,80.8,5.9,High School,Yes,Yes,Yes,76.9
873,Female,2.4,59.0,8.2,High School,Yes,No,No,68.7
874,Male,3.4,87.0,8.5,Bachelors,Yes,No,No,67.8
875,Female,4.3,89.4,6.5,High School,Yes,No,No,60.7
876,Male,3.6,89.0,6.9,None,Yes,Yes,No,90.0
877,Female,4.3,97.4,5.7,High School,Yes,No,Yes,65.5
878,Female,2.1,74.3,8.2,High School,No,Yes,No,78.4
879,Male,3.8,91.8,7.6,High School,Yes,Yes,No,47.5
880,Male,1.4,96.9,9.1,Masters,Yes,Yes,Yes,84.2
881,Male,3.3,67.2,5.7,Bachelors,Yes,Yes,No,82.6
882,Female,2.1,88.2,6.3,Bachelors,Yes,No,No,71.2
883,Male,2.4,80.0,7.1,High School,Yes,Yes,No,67.3
884,Female,5.4,84.2,7.6,High School,Yes,No,Yes,74.8
885,Female,5.1,88.5,6.5,Bachelors,Yes,Yes,No,97.5
886,Male,4.4,80.1,5.8,Masters,Yes,Yes,Yes,48.8
887,Male,1.9,78.2,7.9,PhD,Yes,No,Yes,79.4
888,Female,3.0,85.3,7.7,High School,Yes,No,No,59.1
889,Female,5.3,74.1,5.7,Bachelors,Yes,Yes,Yes,69.8
890,Male,3.7,74.1,8.4,None,Yes,Yes,Yes,67.0
891,Male,7.0,91.8,8.2,Bachelors,Yes,Yes,Yes,64.9
892,Male,4.1,73.5,7.0,Masters,Yes,Yes,Yes,69.9
893,Male,3.8,91.7,6.9,High School,Yes,No,Yes,56.4
894,Male,3.0,89.6,7.5,None,No,No,No,82.4
895,Female,3.7,67.7,5.8,Masters,Yes,Yes,Yes,48.5
896,Female,3.3,78.2,6.8,None,Yes,No,Yes,76.5
897,Female,4.6,96.9,4.2,Masters,Yes,No,Yes,66.1
898,Female,4.9,75.2,7.9,Bachelors,Yes,Yes,No,55.9
899,Male,2.3,80.4,4.9,None,Yes,Yes,No,72.4
900,Male,1.5,89.6,8.6,High School,Yes,No,No,51.3
901,Male,0.7,92.8,6.4,High School,Yes,No,No,70.5
902,Female,4.3,82.5,6.5,Masters,Yes,Yes,No,52.9
903,Female,1.8,79.0,6.0,Masters,Yes,Yes,No,75.5
904,Male,0.5,99.2,6.5,None,No,Yes,Yes,58.9
905,Male,4.1,100.0,8.5,High School,Yes,No,No,64.6
906,Female,7.2,94.8,3.8,Masters,Yes,Yes,No,73.5
907,Female,3.5,85.9,8.3,Masters,Yes,Yes,No,60.7
908,Male,4.8,76.9,7.2,High School,Yes,No,Yes,69.3
909,Male,3.6,76.7,5.4,Bachelors,Yes,No,No,51.8
910,Female,3.4,90.2,5.5,High School,Yes,No,Yes,77.6
911,Male,4.9,89.2,8.8,High School,Yes,Yes,Yes,91.2
912,Male,3.1,99.0,5.7,None,Yes,Yes,No,100.0
913,Male,3.9,91.5,5.4,Bachelors,No,Yes,No,71.1
914,Female,4.0,70.0,8.2,Masters,Yes,Yes,No,79.5
915,Female,2.5,95.5,7.2,None,Yes,No,No,48.6
916,Female,5.0,75.0,5.7,Bachelors,No,Yes,Yes,88.0
917,Female,3.2,81.2,7.1,Masters,Yes,Yes,Yes,79.3
918,Female,2.4,87.5,5.6,Bachelors,Yes,Yes,Yes,64.2
919,Female,4.3,100.0,8.1,PhD,Yes,Yes,No,84.8
920,Female,2.2,100.0,8.1,High School,Yes,No,Yes,66.9
921,Male,3.5,91.1,7.4,None,Yes,Yes,Yes,64.5
922,Male,3.5,83.2,7.2,High School,Yes,Yes,No,75.7
923,Male,5.1,90.3,8.9,High School,Yes,Yes,Yes,57.2
924,Male,4.2,93.9,6.8,Masters,Yes,Yes,No,82.3
925,Male,3.5,81.8,5.4,Bachelors,Yes,Yes,No,57.3
926,Male,4.7,100.0,7.3,Bachelors,Yes,No,No,57.4
927,Male,5.6,87.3,9.3,Bachelors,Yes,No,No,59.1
928,Female,4.3,90.0,5.6,Masters,Yes,No,No,79.1
929,Female,3.5,91.7,6.4,High School,Yes,No,Yes,62.6
930,Male,1.5,89.2,7.3,High School,Yes,No,No,53.8
931,Male,1.9,93.4,6.7,High School,Yes,No,No,62.7
932,Female,3.0,78.8,5.6,Bachelors,Yes,Yes,Yes,69.6
933,Male,2.6,79.4,8.1,High School,Yes,Yes,Yes,55.8
934,Male,3.2,74.0,9.6,Bachelors,Yes,Yes,No,56.2
935,Female,3.6,89.4,7.0,Bachelors,Yes,No,No,95.3
936,Male,4.3,92.8,5.7,High School,Yes,No,No,59.7
937,Female,3.4,89.6,4.9,Bachelors,Yes,No,No,66.1
938,Male,4.2,100.0,7.1,PhD,No,Yes,Yes,65.6
939,Female,3.6,84.9,8.1,High School,Yes,No,No,64.9
940,Female,0.5,91.7,7.4,Bachelors,Yes,Yes,No,77.5
941,Female,2.1,74.1,6.8,Masters,Yes,Yes,Yes,81.4
942,Male,3.3,81.1,6.1,Bachelors,No,Yes,No,66.3
943,Female,1.7,92.0,5.5,Masters,Yes,Yes,No,55.2
944,Male,4.4,93.5,7.8,Bachelors,Yes,Yes,No,85.3
945,Male,5.8,82.1,7.9,Bachelors,Yes,Yes,Yes,68.9
946,Male,5.3,84.3,4.9,High School,Yes,Yes,No,90.8
947,Male,3.2,69.8,8.7,Masters,Yes,No,No,43.1
948,Female,5.7,81.4,7.5,Masters,Yes,No,No,72.3
949,Female,3.7,93.9,8.5,High School,No,No,No,93.0
950,Male,3.0,90.8,5.2,Bachelors,No,Yes,Yes,65.8
951,Male,2.6,90.0,5.2,None,No,No,No,67.3
952,Female,3.0,85.5,6.6,Bachelors,Yes,No,No,73.5
953,Male,2.9,85.1,7.4,Bachelors,Yes,Yes,Yes,63.3
954,Female,3.8,78.4,9.0,None,Yes,Yes,No,66.3
955,Male,3.7,92.0,7.6,Masters,Yes,Yes,No,65.9
956,Male,3.5,89.2,6.5,Bachelors,Yes,Yes,No,62.5
957,Female,4.2,89.9,5.6,Masters,Yes,No,Yes,84.7
958,Male,5.3,79.7,8.3,PhD,Yes,No,No,75.5
959,Female,4.9,63.5,5.6,Bachelors,Yes,Yes,No,73.0
960,Male,1.3,96.0,8.8,Bachelors,Yes,No,No,79.7
961,Male,0.5,80.2,6.5,Bachelors,Yes,No,No,66.8
962,Male,4.9,76.4,8.7,None,Yes,No,No,60.7
963,Female,1.4,91.9,7.6,Masters,Yes,Yes,Yes,62.8
964,Male,3.2,81.1,6.6,High School,Yes,No,No,70.0
965,Male,1.7,95.6,6.2,PhD,Yes,Yes,No,57.3
966,Male,0.8,91.2,6.4,Bachelors,Yes,No,No,64.0
967,Male,4.3,91.8,7.3,High School,Yes,Yes,Yes,63.8
968,Female,4.6,71.3,6.9,Bachelors,Yes,Yes,No,95.5
969,Female,2.6,97.1,6.1,Bachelors,Yes,No,No,36.7
970,Male,0.5,87.6,6.6,PhD,Yes,Yes,No,67.8
971,Female,2.7,81.3,6.9,High School,Yes,Yes,Yes,90.7
972,Male,4.1,86.4,4.2,Masters,No,Yes,Yes,71.5
973,Male,1.3,67.2,7.3,Bachelors,Yes,No,No,79.0
974,Male,3.8,89.1,5.6,High School,No,Yes,Yes,71.2
975,Female,3.5,74.7,5.4,None,Yes,No,No,62.0
976,Female,4.4,71.5,4.8,Bachelors,Yes,Yes,Yes,43.1
977,Female,3.7,69.8,4.6,High School,No,Yes,No,72.5
978,Female,2.0,96.1,5.2,Bachelors,Yes,Yes,No,60.7
979,Female,5.3,78.7,5.9,PhD,Yes,Yes,No,60.4
980,Female,3.3,100.0,9.1,High School,Yes,Yes,No,64.0
981,Female,3.5,79.6,6.2,High School,Yes,Yes,No,90.9
982,Female,2.1,67.9,7.0,High School,No,No,Yes,98.9
983,Female,2.8,73.8,7.3,High School,Yes,No,Yes,72.6
984,Male,2.2,97.4,7.0,Masters,Yes,Yes,No,64.4
985,Female,3.2,83.4,6.7,Bachelors,Yes,Yes,No,55.9
986,Female,6.1,79.5,5.4,High School,Yes,No,No,75.6
987,Female,1.4,86.6,8.5,High School,Yes,Yes,No,91.4
988,Female,1.1,90.0,9.0,High School,Yes,Yes,No,67.0
989,Female,5.7,96.2,4.8,None,Yes,No,No,41.5
990,Female,3.2,99.5,5.6,High School,Yes,No,Yes,78.0
991,Female,2.5,81.4,6.5,None,Yes,No,No,81.8
992,Female,5.1,71.7,5.6,Bachelors,Yes,Yes,No,51.0
993,Female,2.6,80.9,7.4,High School,Yes,Yes,No,72.1
994,Female,6.2,87.6,5.9,PhD,Yes,No,No,75.4
995,Female,4.5,75.4,9.4,Bachelors,Yes,Yes,No,69.1
996,Male,2.8,75.4,8.2,Masters,Yes,Yes,No,60.5
997,Male,6.7,88.4,7.1,None,No,Yes,No,82.2
998,Female,2.6,84.5,8.0,High School,Yes,Yes,Yes,65.2
999,Female,4.6,85.3,8.1,High School,No,No,Yes,52.2
1000,Male,3.9,77.4,6.1,Masters,Yes,No,No,45.4
